{
    "id": "TA0009",
    "name": "Collection",
    "description": "The adversary is trying to gather data of interest to their goal.",
    "techniques":
    [
        {
            "id": "T1557",
            "name": "Adversary-in-the-Middle",
            "description": "Adversaries may attempt to position themselves between two or more networked devices using an adversary-in-the-middle (AiTM) technique to support follow-on behaviors such as Network Sniffing or Transmitted Data Manipulation. By abusing features of common networking protocols that can determine the flow of network traffic (e.g. ARP, DNS, LLMNR, etc.), adversaries may force a device to communicate through an adversary controlled system so they can collect information or perform additional actions.",
            "sub-techniques": [
                {
                    "id": "T1557.001",
                    "name": "LLMNR/NBT-NS Poisoning and SMB Relay",
                    "description": "By responding to LLMNR/NBT-NS network traffic, adversaries may spoof an authoritative source for name resolution to force communication with an adversary controlled system. This activity may be used to collect or relay authentication materials."
                },
                {
                    "id": "T1557.002",
                    "name": "ARP Cache Poisoning",
                    "description": "Adversaries may poison Address Resolution Protocol (ARP) caches to position themselves between the communication of two or more networked devices. This activity may be used to enable follow-on behaviors such as Network Sniffing or Transmitted Data Manipulation."
                },
                {
                    "id": "T1557.003",
                    "name": "DHCP Spoofing",
                    "description": "Adversaries may redirect network traffic to adversary-owned systems by spoofing Dynamic Host Configuration Protocol (DHCP) traffic and acting as a malicious DHCP server on the victim network. By achieving the adversary-in-the-middle (AiTM) position, adversaries may collect network communications, including passed credentials, especially those sent over insecure, unencrypted protocols. This may also enable follow-on behaviors such as Network Sniffing or Transmitted Data Manipulation."
                }
            ]
        },
        {
            "id": "T1560",
            "name": "Archive Collected Data",
            "description": "An adversary may compress and/or encrypt data that is collected prior to exfiltration. Compressing the data can help to obfuscate the collected data and minimize the amount of data sent over the network. Encryption can be used to hide information that is being exfiltrated from detection or make exfiltration less conspicuous upon inspection by a defender.",
            "sub-techniques": [
                {
                    "id": "T1560.001",
                    "name": "Archive via Utility",
                    "description": "Adversaries may use utilities to compress and/or encrypt collected data prior to exfiltration. Many utilities include functionalities to compress, encrypt, or otherwise package data into a format that is easier/more secure to transport."
                },
                {
                    "id": "T1560.002",
                    "name": "Archive via Library",
                    "description": "An adversary may compress or encrypt data that is collected prior to exfiltration using 3rd party libraries. Many libraries exist that can archive data, including Python rarfile , libzip , and zlib . Most libraries include functionality to encrypt and/or compress data."
                },
                {
                    "id": "T1560.003",
                    "name": "Archive via Custom Method",
                    "description": "An adversary may compress or encrypt data that is collected prior to exfiltration using a custom method. Adversaries may choose to use custom archival methods, such as encryption with XOR or stream ciphers implemented with no external library or utility references. Custom implementations of well-known compression algorithms have also been used."
                }
            ]
        },
        {
            "id": "T1123",
            "name": "Audio Capture",
            "description": "An adversary can leverage a computer's peripheral devices (e.g., microphones and webcams) or applications (e.g., voice and video call services) to capture audio recordings for the purpose of listening into sensitive conversations to gather information.",
            "sub-techniques": []
        },
        {
            "id": "T1119",
            "name": "Automated Collection",
            "description": "Once established within a system or network, an adversary may use automated techniques for collecting internal data. Methods for performing this technique could include use of a Command and Scripting Interpreter to search for and copy information fitting set criteria such as file type, location, or name at specific time intervals. In cloud-based environments, adversaries may also use cloud APIs, command line interfaces, or extract, transform, and load (ETL) services to automatically collect data. This functionality could also be built into remote access tools.",
            "sub-techniques": []
        },
        {
            "id": "T1185",
            "name": "Browser Session Hijacking",
            "description": "Adversaries may take advantage of security vulnerabilities and inherent functionality in browser software to change content, modify user-behaviors, and intercept information as part of various browser session hijacking techniques.",
            "sub-techniques": []
        },
        {
            "id": "T1115",
            "name": "Clipboard Data",
            "description": "Adversaries may collect data stored in the clipboard from users copying information within or between applications.",
            "sub-techniques": []
        },
        {
            "id": "T1530",
            "name": "Data from Cloud Storage",
            "description": "Adversaries may access data from improperly secured cloud storage.",
            "sub-techniques": []
        },
        {
            "id": "T1602",
            "name": "Data from Configuration Repository",
            "description": "Adversaries may collect data related to managed devices from configuration repositories. Configuration repositories are used by management systems in order to configure, manage, and control data on remote systems. Configuration repositories may also facilitate remote access and administration of devices.",
            "sub-techniques": [
                {
                    "id": "T1602.001",
                    "name": "SNMP (MIB Dump)",
                    "description": "Adversaries may target the Management Information Base (MIB) to collect and/or mine valuable information in a network managed using Simple Network Management Protocol (SNMP)."
                },
                {
                    "id": "T1602.002",
                    "name": "Network Device Configuration Dump",
                    "description": "Adversaries may access network configuration files to collect sensitive data about the device and the network. The network configuration is a file containing parameters that determine the operation of the device. The device typically stores an in-memory copy of the configuration while operating, and a separate configuration on non-volatile storage to load after device reset. Adversaries can inspect the configuration files to reveal information about the target network and its layout, the network device and its software, or identifying legitimate accounts and credentials for later use."
                }
            ]
        },
        {
            "id": "T1213",
            "name": "Data from Information Repositories",
            "description": "Adversaries may leverage information repositories to mine valuable information. Information repositories are tools that allow for storage of information, typically to facilitate collaboration or information sharing between users, and can store a wide variety of data that may aid adversaries in further objectives, or direct access to the target information. Adversaries may also abuse external sharing features to share sensitive documents with recipients outside of the organization.",
            "sub-techniques": [
                {
                    "id": "T1213.001",
                    "name": "Confluence",
                    "description": "Adversaries may leverage Confluence repositories to mine valuable information. Often found in development environments alongside Atlassian JIRA, Confluence is generally used to store development-related documentation, however, in general may contain more diverse categories of useful information, such as:"
                },
                {
                    "id": "T1213.002",
                    "name": "Sharepoint",
                    "description": "Adversaries may leverage the SharePoint repository as a source to mine valuable information. SharePoint will often contain useful information for an adversary to learn about the structure and functionality of the internal network and systems. For example, the following is a list of example information that may hold potential value to an adversary and may also be found on SharePoint:"
                },
                {
                    "id": "T1213.003",
                    "name": "Code Repositories",
                    "description": "Adversaries may leverage code repositories to collect valuable information. Code repositories are tools/services that store source code and automate software builds. They may be hosted internally or privately on third party sites such as Github, GitLab, SourceForge, and BitBucket. Users typically interact with code repositories through a web application or command-line utilities such as git."
                }
            ]
        },
        {
            "id": "T1005",
            "name": "Data from Local System",
            "description": "Adversaries may search local system sources, such as file systems and configuration files or local databases, to find files of interest and sensitive data prior to Exfiltration.",
            "sub-techniques": []
        },
        {
            "id": "T1039",
            "name": "Data from Network Shared Drive",
            "description": "Adversaries may search network shares on computers they have compromised to find files of interest. Sensitive data can be collected from remote systems via shared network drives (host shared directory, network file server, etc.) that are accessible from the current system prior to Exfiltration. Interactive command shells may be in use, and common functionality within cmd may be used to gather information.",
            "sub-techniques": []
        },
        {
            "id": "T1025",
            "name": "Data from Removable Media",
            "description": "Adversaries may search connected removable media on computers they have compromised to find files of interest. Sensitive data can be collected from any removable media (optical disk drive, USB memory, etc.) connected to the compromised system prior to Exfiltration. Interactive command shells may be in use, and common functionality within cmd may be used to gather information.",
            "sub-techniques": []
        },
        {
            "id": "T1074",
            "name": "Data Staged",
            "description": "Adversaries may stage collected data in a central location or directory prior to Exfiltration. Data may be kept in separate files or combined into one file through techniques such as Archive Collected Data. Interactive command shells may be used, and common functionality within cmd and bash may be used to copy data into a staging location.",
            "sub-techniques": [
                {
                    "id": "T1074.001",
                    "name": "Local Data Staging",
                    "description": "Adversaries may stage collected data in a central location or directory on the local system prior to Exfiltration. Data may be kept in separate files or combined into one file through techniques such as Archive Collected Data. Interactive command shells may be used, and common functionality within cmd and bash may be used to copy data into a staging location."
                },
                {
                    "id": "T1074.002",
                    "name": "Remote Data Staging",
                    "description": "Adversaries may stage data collected from multiple systems in a central location or directory on one system prior to Exfiltration. Data may be kept in separate files or combined into one file through techniques such as Archive Collected Data. Interactive command shells may be used, and common functionality within cmd and bash may be used to copy data into a staging location."
                }
            ]
        },
        {
            "id": "T1114",
            "name": "Email Collection",
            "description": "Adversaries may target user email to collect sensitive information. Emails may contain sensitive data, including trade secrets or personal information, that can prove valuable to adversaries. Adversaries can collect or forward email from mail servers or clients.",
            "sub-techniques": [
                {
                    "id": "T1114.001",
                    "name": "Local Email Collection",
                    "description": "Adversaries may target user email on local systems to collect sensitive information. Files containing email data can be acquired from a user\u2019s local system, such as Outlook storage or cache files."
                },
                {
                    "id": "T1114.002",
                    "name": "Remote Email Collection",
                    "description": "Adversaries may target an Exchange server, Office 365, or Google Workspace to collect sensitive information. Adversaries may leverage a user's credentials and interact directly with the Exchange server to acquire information from within a network. Adversaries may also access externally facing Exchange services, Office 365, or Google Workspace to access email using credentials or access tokens. Tools such as MailSniper can be used to automate searches for specific keywords."
                },
                {
                    "id": "T1114.003",
                    "name": "Email Forwarding Rule",
                    "description": "Adversaries may setup email forwarding rules to collect sensitive information. Adversaries may abuse email forwarding rules to monitor the activities of a victim, steal information, and further gain intelligence on the victim or the victim\u2019s organization to use as part of further exploits or operations. Furthermore, email forwarding rules can allow adversaries to maintain persistent access to victim's emails even after compromised credentials are reset by administrators. Most email clients allow users to create inbox rules for various email functions, including forwarding to a different recipient. These rules may be created through a local email application, a web interface, or by command-line interface. Messages can be forwarded to internal or external recipients, and there are no restrictions limiting the extent of this rule. Administrators may also create forwarding rules for user accounts with the same considerations and outcomes."
                }
            ]
        },
        {
            "id": "T1056",
            "name": "Input Capture",
            "description": "Adversaries may use methods of capturing user input to obtain credentials or collect information. During normal system usage, users often provide credentials to various different locations, such as login pages/portals or system dialog boxes. Input capture mechanisms may be transparent to the user (e.g. Credential API Hooking) or rely on deceiving the user into providing input into what they believe to be a genuine service (e.g. Web Portal Capture).",
            "sub-techniques": [
                {
                    "id": "T1056.001",
                    "name": "Keylogging",
                    "description": "Adversaries may log user keystrokes to intercept credentials as the user types them. Keylogging is likely to be used to acquire credentials for new access opportunities when OS Credential Dumping efforts are not effective, and may require an adversary to intercept keystrokes on a system for a substantial period of time before credentials can be successfully captured."
                },
                {
                    "id": "T1056.002",
                    "name": "GUI Input Capture",
                    "description": "Adversaries may mimic common operating system GUI components to prompt users for credentials with a seemingly legitimate prompt. When programs are executed that need additional privileges than are present in the current user context, it is common for the operating system to prompt the user for proper credentials to authorize the elevated privileges for the task (ex: Bypass User Account Control)."
                },
                {
                    "id": "T1056.003",
                    "name": "Web Portal Capture",
                    "description": "Adversaries may install code on externally facing portals, such as a VPN login page, to capture and transmit credentials of users who attempt to log into the service. For example, a compromised login page may log provided user credentials before logging the user in to the service."
                },
                {
                    "id": "T1056.004",
                    "name": "Credential API Hooking",
                    "description": "Adversaries may hook into Windows application programming interface (API) functions to collect user credentials. Malicious hooking mechanisms may capture API calls that include parameters that reveal user authentication credentials. Unlike Keylogging, this technique focuses specifically on API functions that include parameters that reveal user credentials. Hooking involves redirecting calls to these functions and can be implemented via:"
                }
            ]
        },
        {
            "id": "T1113",
            "name": "Screen Capture",
            "description": "Adversaries may attempt to take screen captures of the desktop to gather information over the course of an operation. Screen capturing functionality may be included as a feature of a remote access tool used in post-compromise operations. Taking a screenshot is also typically possible through native utilities or API calls, such as CopyFromScreen, xwd, or screencapture.",
            "sub-techniques": []
        },
        {
            "id": "T1125",
            "name": "Video Capture",
            "description": "An adversary can leverage a computer's peripheral devices (e.g., integrated cameras or webcams) or applications (e.g., video call services) to capture video recordings for the purpose of gathering information. Images may also be captured from devices or applications, potentially in specified intervals, in lieu of video files.",
            "sub-techniques": []
        }
    ]
}