{
    "id": "TA0011",
    "name": "Command and Control",
    "description": "The adversary is trying to communicate with compromised systems to control them.",
    "techniques":
    [
        {
            "id": "T1071",
            "name": "Application Layer Protocol",
            "description": "Adversaries may communicate using OSI application layer protocols to avoid detection/network filtering by blending in with existing traffic. Commands to the remote system, and often the results of those commands, will be embedded within the protocol traffic between the client and server.",
            "sub-techniques": [
                {
                    "id": "T1071.001",
                    "name": "Web Protocols",
                    "description": "Adversaries may communicate using application layer protocols associated with web traffic to avoid detection/network filtering by blending in with existing traffic. Commands to the remote system, and often the results of those commands, will be embedded within the protocol traffic between the client and server."
                },
                {
                    "id": "T1071.002",
                    "name": "File Transfer Protocols",
                    "description": "Adversaries may communicate using application layer protocols associated with transferring files to avoid detection/network filtering by blending in with existing traffic. Commands to the remote system, and often the results of those commands, will be embedded within the protocol traffic between the client and server."
                },
                {
                    "id": "T1071.003",
                    "name": "Mail Protocols",
                    "description": "Adversaries may communicate using application layer protocols associated with electronic mail delivery to avoid detection/network filtering by blending in with existing traffic. Commands to the remote system, and often the results of those commands, will be embedded within the protocol traffic between the client and server."
                },
                {
                    "id": "T1071.004",
                    "name": "DNS",
                    "description": "Adversaries may communicate using the Domain Name System (DNS) application layer protocol to avoid detection/network filtering by blending in with existing traffic. Commands to the remote system, and often the results of those commands, will be embedded within the protocol traffic between the client and server."
                }
            ]
        },
        {
            "id": "T1092",
            "name": "Communication Through Removable Media",
            "description": "Adversaries can perform command and control between compromised hosts on potentially disconnected networks using removable media to transfer commands from system to system. Both systems would need to be compromised, with the likelihood that an Internet-connected system was compromised first and the second through lateral movement by Replication Through Removable Media. Commands and files would be relayed from the disconnected system to the Internet-connected system to which the adversary has direct access.",
            "sub-techniques": []
        },
        {
            "id": "T1132",
            "name": "Data Encoding",
            "description": "Adversaries may encode data to make the content of command and control traffic more difficult to detect. Command and control (C2) information can be encoded using a standard data encoding system. Use of data encoding may adhere to existing protocol specifications and includes use of ASCII, Unicode, Base64, MIME, or other binary-to-text and character encoding systems. Some data encoding systems may also result in data compression, such as gzip.",
            "sub-techniques": [
                {
                    "id": "T1132.001",
                    "name": "Standard Encoding",
                    "description": "Adversaries may encode data with a standard data encoding system to make the content of command and control traffic more difficult to detect. Command and control (C2) information can be encoded using a standard data encoding system that adheres to existing protocol specifications. Common data encoding schemes include ASCII, Unicode, hexadecimal, Base64, and MIME. Some data encoding systems may also result in data compression, such as gzip."
                },
                {
                    "id": "T1132.002",
                    "name": "Non-Standard Encoding",
                    "description": "Adversaries may encode data with a non-standard data encoding system to make the content of command and control traffic more difficult to detect. Command and control (C2) information can be encoded using a non-standard data encoding system that diverges from existing protocol specifications. Non-standard data encoding schemes may be based on or related to standard data encoding schemes, such as a modified Base64 encoding for the message body of an HTTP request."
                }
            ]
        },
        {
            "id": "T1001",
            "name": "Data Obfuscation",
            "description": "Adversaries may obfuscate command and control traffic to make it more difficult to detect. Command and control (C2) communications are hidden (but not necessarily encrypted) in an attempt to make the content more difficult to discover or decipher and to make the communication less conspicuous and hide commands from being seen. This encompasses many methods, such as adding junk data to protocol traffic, using steganography, or impersonating legitimate protocols.",
            "sub-techniques": [
                {
                    "id": "T1001.001",
                    "name": "Junk Data",
                    "description": "Adversaries may add junk data to protocols used for command and control to make detection more difficult. By adding random or meaningless data to the protocols used for command and control, adversaries can prevent trivial methods for decoding, deciphering, or otherwise analyzing the traffic. Examples may include appending/prepending data with junk characters or writing junk characters between significant characters."
                },
                {
                    "id": "T1001.002",
                    "name": "Steganography",
                    "description": "Adversaries may use steganographic techniques to hide command and control traffic to make detection efforts more difficult. Steganographic techniques can be used to hide data in digital messages that are transferred between systems. This hidden information can be used for command and control of compromised systems. In some cases, the passing of files embedded using steganography, such as image or document files, can be used for command and control."
                },
                {
                    "id": "T1001.003",
                    "name": "Protocol Impersonation",
                    "description": "Adversaries may impersonate legitimate protocols or web service traffic to disguise command and control activity and thwart analysis efforts. By impersonating legitimate protocols or web services, adversaries can make their command and control traffic blend in with legitimate network traffic."
                }
            ]
        },
        {
            "id": "T1568",
            "name": "Dynamic Resolution",
            "description": "Adversaries may dynamically establish connections to command and control infrastructure to evade common detections and remediations. This may be achieved by using malware that shares a common algorithm with the infrastructure the adversary uses to receive the malware's communications. These calculations can be used to dynamically adjust parameters such as the domain name, IP address, or port number the malware uses for command and control.",
            "sub-techniques": [
                {
                    "id": "T1568.001",
                    "name": "Fast Flux DNS",
                    "description": "Adversaries may use Fast Flux DNS to hide a command and control channel behind an array of rapidly changing IP addresses linked to a single domain resolution. This technique uses a fully qualified domain name, with multiple IP addresses assigned to it which are swapped with high frequency, using a combination of round robin IP addressing and short Time-To-Live (TTL) for a DNS resource record."
                },
                {
                    "id": "T1568.002",
                    "name": "Domain Generation Algorithms",
                    "description": "Adversaries may make use of Domain Generation Algorithms (DGAs) to dynamically identify a destination domain for command and control traffic rather than relying on a list of static IP addresses or domains. This has the advantage of making it much harder for defenders to block, track, or take over the command and control channel, as there potentially could be thousands of domains that malware can check for instructions."
                },
                {
                    "id": "T1568.003",
                    "name": "DNS Calculation",
                    "description": "Adversaries may perform calculations on addresses returned in DNS results to determine which port and IP address to use for command and control, rather than relying on a predetermined port number or the actual returned IP address. A IP and/or port number calculation can be used to bypass egress filtering on a C2 channel."
                }
            ]
        },
        {
            "id": "T1573",
            "name": "Encrypted Channel",
            "description": "Adversaries may employ a known encryption algorithm to conceal command and control traffic rather than relying on any inherent protections provided by a communication protocol. Despite the use of a secure algorithm, these implementations may be vulnerable to reverse engineering if secret keys are encoded and/or generated within malware samples/configuration files.",
            "sub-techniques": [
                {
                    "id": "T1573.001",
                    "name": "Symmetric Cryptography",
                    "description": "Adversaries may employ a known symmetric encryption algorithm to conceal command and control traffic rather than relying on any inherent protections provided by a communication protocol. Symmetric encryption algorithms use the same key for plaintext encryption and ciphertext decryption. Common symmetric encryption algorithms include AES, DES, 3DES, Blowfish, and RC4."
                },
                {
                    "id": "T1573.002",
                    "name": "Asymmetric Cryptography",
                    "description": "Adversaries may employ a known asymmetric encryption algorithm to conceal command and control traffic rather than relying on any inherent protections provided by a communication protocol. Asymmetric cryptography, also known as public key cryptography, uses a keypair per party: one public that can be freely distributed, and one private. Due to how the keys are generated, the sender encrypts data with the receiver\u2019s public key and the receiver decrypts the data with their private key. This ensures that only the intended recipient can read the encrypted data. Common public key encryption algorithms include RSA and ElGamal."
                }
            ]
        },
        {
            "id": "T1008",
            "name": "Fallback Channels",
            "description": "Adversaries may use fallback or alternate communication channels if the primary channel is compromised or inaccessible in order to maintain reliable command and control and to avoid data transfer thresholds.",
            "sub-techniques": []
        },
        {
            "id": "T1105",
            "name": "Ingress Tool Transfer",
            "description": "Adversaries may transfer tools or other files from an external system into a compromised environment. Tools or files may be copied from an external adversary-controlled system to the victim network through the command and control channel or through alternate protocols such as ftp. Once present, adversaries may also transfer/spread tools between victim devices within a compromised environment (i.e. Lateral Tool Transfer).",
            "sub-techniques": []
        },
        {
            "id": "T1104",
            "name": "Multi-Stage Channels",
            "description": "Adversaries may create multiple stages for command and control that are employed under different conditions or for certain functions. Use of multiple stages may obfuscate the command and control channel to make detection more difficult.",
            "sub-techniques": []
        },
        {
            "id": "T1095",
            "name": "Non-Application Layer Protocol",
            "description": "Adversaries may use an OSI non-application layer protocol for communication between host and C2 server or among infected hosts within a network. The list of possible protocols is extensive. Specific examples include use of network layer protocols, such as the Internet Control Message Protocol (ICMP), transport layer protocols, such as the User Datagram Protocol (UDP), session layer protocols, such as Socket Secure (SOCKS), as well as redirected/tunneled protocols, such as Serial over LAN (SOL).",
            "sub-techniques": []
        },
        {
            "id": "T1571",
            "name": "Non-Standard Port",
            "description": "Adversaries may communicate using a protocol and port pairing that are typically not associated. For example, HTTPS over port 8088 or port 587 as opposed to the traditional port 443. Adversaries may make changes to the standard port used by a protocol to bypass filtering or muddle analysis/parsing of network data.",
            "sub-techniques": []
        },
        {
            "id": "T1572",
            "name": "Protocol Tunneling",
            "description": "Adversaries may tunnel network communications to and from a victim system within a separate protocol to avoid detection/network filtering and/or enable access to otherwise unreachable systems. Tunneling involves explicitly encapsulating a protocol within another. This behavior may conceal malicious traffic by blending in with existing traffic and/or provide an outer layer of encryption (similar to a VPN). Tunneling could also enable routing of network packets that would otherwise not reach their intended destination, such as SMB, RDP, or other traffic that would be filtered by network appliances or not routed over the Internet.",
            "sub-techniques": []
        },
        {
            "id": "T1090",
            "name": "Proxy",
            "description": "Adversaries may use a connection proxy to direct network traffic between systems or act as an intermediary for network communications to a command and control server to avoid direct connections to their infrastructure. Many tools exist that enable traffic redirection through proxies or port redirection, including HTRAN, ZXProxy, and ZXPortMap. Adversaries use these types of proxies to manage command and control communications, reduce the number of simultaneous outbound network connections, provide resiliency in the face of connection loss, or to ride over existing trusted communications paths between victims to avoid suspicion. Adversaries may chain together multiple proxies to further disguise the source of malicious traffic.",
            "sub-techniques": [
                {
                    "id": "T1090.001",
                    "name": "Internal Proxy",
                    "description": "Adversaries may use an internal proxy to direct command and control traffic between two or more systems in a compromised environment. Many tools exist that enable traffic redirection through proxies or port redirection, including HTRAN, ZXProxy, and ZXPortMap. Adversaries use internal proxies to manage command and control communications inside a compromised environment, to reduce the number of simultaneous outbound network connections, to provide resiliency in the face of connection loss, or to ride over existing trusted communications paths between infected systems to avoid suspicion. Internal proxy connections may use common peer-to-peer (p2p) networking protocols, such as SMB, to better blend in with the environment."
                },
                {
                    "id": "T1090.002",
                    "name": "External Proxy",
                    "description": "Adversaries may use an external proxy to act as an intermediary for network communications to a command and control server to avoid direct connections to their infrastructure. Many tools exist that enable traffic redirection through proxies or port redirection, including HTRAN, ZXProxy, and ZXPortMap. Adversaries use these types of proxies to manage command and control communications, to provide resiliency in the face of connection loss, or to ride over existing trusted communications paths to avoid suspicion."
                },
                {
                    "id": "T1090.003",
                    "name": "Multi-hop Proxy",
                    "description": "To disguise the source of malicious traffic, adversaries may chain together multiple proxies. Typically, a defender will be able to identify the last proxy traffic traversed before it enters their network; the defender may or may not be able to identify any previous proxies before the last-hop proxy. This technique makes identifying the original source of the malicious traffic even more difficult by requiring the defender to trace malicious traffic through several proxies to identify its source. A particular variant of this behavior is to use onion routing networks, such as the publicly available TOR network."
                },
                {
                    "id": "T1090.004",
                    "name": "Domain Fronting",
                    "description": "Adversaries may take advantage of routing schemes in Content Delivery Networks (CDNs) and other services which host multiple domains to obfuscate the intended destination of HTTPS traffic or traffic tunneled through HTTPS. Domain fronting involves using different domain names in the SNI field of the TLS header and the Host field of the HTTP header. If both domains are served from the same CDN, then the CDN may route to the address specified in the HTTP header after unwrapping the TLS header. A variation of the the technique, \"domainless\" fronting, utilizes a SNI field that is left blank; this may allow the fronting to work even when the CDN attempts to validate that the SNI and HTTP Host fields match (if the blank SNI fields are ignored)."
                }
            ]
        },
        {
            "id": "T1219",
            "name": "Remote Access Software",
            "description": "An adversary may use legitimate desktop support and remote access software, such as Team Viewer, AnyDesk, Go2Assist, LogMein, AmmyyAdmin, etc, to establish an interactive command and control channel to target systems within networks. These services are commonly used as legitimate technical support software, and may be allowed by application control within a target environment. Remote access tools like VNC, Ammyy, and Teamviewer are used frequently when compared with other legitimate software commonly used by adversaries.",
            "sub-techniques": []
        },
        {
            "id": "T1205",
            "name": "Traffic Signaling",
            "description": "Adversaries may use traffic signaling to hide open ports or other malicious functionality used for persistence or command and control. Traffic signaling involves the use of a magic value or sequence that must be sent to a system to trigger a special response, such as opening a closed port or executing a malicious task. This may take the form of sending a series of packets with certain characteristics before a port will be opened that the adversary can use for command and control. Usually this series of packets consists of attempted connections to a predefined sequence of closed ports (i.e. Port Knocking), but can involve unusual flags, specific strings, or other unique characteristics. After the sequence is completed, opening a port may be accomplished by the host-based firewall, but could also be implemented by custom software.",
            "sub-techniques": [
                {
                    "id": "T1205.001",
                    "name": "Port Knocking",
                    "description": "Adversaries may use port knocking to hide open ports used for persistence or command and control. To enable a port, an adversary sends a series of attempted connections to a predefined sequence of closed ports. After the sequence is completed, opening a port is often accomplished by the host based firewall, but could also be implemented by custom software."
                },
                {
                    "id": "T1205.002",
                    "name": "Socket Filters",
                    "description": "Adversaries may attach filters to a network socket to monitor then activate backdoors used for persistence or command and control. With elevated permissions, adversaries can use features such as the libpcap library to open sockets and install filters to allow or disallow certain types of data to come through the socket. The filter may apply to all traffic passing through the specified network interface (or every interface if not specified). When the network interface receives a packet matching the filter criteria, additional actions can be triggered on the host, such as activation of a reverse shell."
                }
            ]
        },
        {
            "id": "T1102",
            "name": "Web Service",
            "description": "Adversaries may use an existing, legitimate external Web service as a means for relaying data to/from a compromised system. Popular websites and social media acting as a mechanism for C2 may give a significant amount of cover due to the likelihood that hosts within a network are already communicating with them prior to a compromise. Using common services, such as those offered by Google or Twitter, makes it easier for adversaries to hide in expected noise. Web service providers commonly use SSL/TLS encryption, giving adversaries an added level of protection.",
            "sub-techniques": [
                {
                    "id": "T1102.001",
                    "name": "Dead Drop Resolver",
                    "description": "Adversaries may use an existing, legitimate external Web service to host information that points to additional command and control (C2) infrastructure. Adversaries may post content, known as a dead drop resolver, on Web services with embedded (and often obfuscated/encoded) domains or IP addresses. Once infected, victims will reach out to and be redirected by these resolvers."
                },
                {
                    "id": "T1102.002",
                    "name": "Bidirectional Communication",
                    "description": "Adversaries may use an existing, legitimate external Web service as a means for sending commands to and receiving output from a compromised system over the Web service channel. Compromised systems may leverage popular websites and social media to host command and control (C2) instructions. Those infected systems can then send the output from those commands back over that Web service channel. The return traffic may occur in a variety of ways, depending on the Web service being utilized. For example, the return traffic may take the form of the compromised system posting a comment on a forum, issuing a pull request to development project, updating a document hosted on a Web service, or by sending a Tweet."
                },
                {
                    "id": "T1102.003",
                    "name": "One-Way Communication",
                    "description": "Adversaries may use an existing, legitimate external Web service as a means for sending commands to a compromised system without receiving return output over the Web service channel. Compromised systems may leverage popular websites and social media to host command and control (C2) instructions. Those infected systems may opt to send the output from those commands back over a different C2 channel, including to another distinct Web service. Alternatively, compromised systems may return no output at all in cases where adversaries want to send instructions to systems and do not want a response."
                }
            ]
        }
    ]
}