{
    "id": "TA0010",
    "name": "Exfiltration",
    "description": "The adversary is trying to steal data.",
    "techniques":
    [
        {
            "id": "T1020",
            "name": "Automated Exfiltration",
            "description": "Adversaries may exfiltrate data, such as sensitive documents, through the use of automated processing after being gathered during Collection.",
            "sub-techniques": [
                {
                    "id": "T1020.001",
                    "name": "Traffic Duplication",
                    "description": "Adversaries may leverage traffic mirroring in order to automate data exfiltration over compromised infrastructure. Traffic mirroring is a native feature for some devices, often used for network analysis. For example, devices may be configured to forward network traffic to one or more destinations for analysis by a network analyzer or other monitoring device."
                }
            ]
        },
        {
            "id": "T1030",
            "name": "Data Transfer Size Limits",
            "description": "An adversary may exfiltrate data in fixed size chunks instead of whole files or limit packet sizes below certain thresholds. This approach may be used to avoid triggering network data transfer threshold alerts.",
            "sub-techniques": []
        },
        {
            "id": "T1048",
            "name": "Exfiltration Over Alternative Protocol",
            "description": "Adversaries may steal data by exfiltrating it over a different protocol than that of the existing command and control channel. The data may also be sent to an alternate network location from the main command and control server.",
            "sub-techniques": [
                {
                    "id": "T1048.001",
                    "name": "Exfiltration Over Symmetric Encrypted Non-C2 Protocol",
                    "description": "Adversaries may steal data by exfiltrating it over a symmetrically encrypted network protocol other than that of the existing command and control channel. The data may also be sent to an alternate network location from the main command and control server."
                },
                {
                    "id": "T1048.002",
                    "name": "Exfiltration Over Asymmetric Encrypted Non-C2 Protocol",
                    "description": "Adversaries may steal data by exfiltrating it over an asymmetrically encrypted network protocol other than that of the existing command and control channel. The data may also be sent to an alternate network location from the main command and control server."
                },
                {
                    "id": "T1048.003",
                    "name": "Exfiltration Over Unencrypted Non-C2 Protocol",
                    "description": "Adversaries may steal data by exfiltrating it over an un-encrypted network protocol other than that of the existing command and control channel. The data may also be sent to an alternate network location from the main command and control server."
                }
            ]
        },
        {
            "id": "T1041",
            "name": "Exfiltration Over C2 Channel",
            "description": "Adversaries may steal data by exfiltrating it over an existing command and control channel. Stolen data is encoded into the normal communications channel using the same protocol as command and control communications.",
            "sub-techniques": []
        },
        {
            "id": "T1011",
            "name": "Exfiltration Over Other Network Medium",
            "description": "Adversaries may attempt to exfiltrate data over a different network medium than the command and control channel. If the command and control network is a wired Internet connection, the exfiltration may occur, for example, over a WiFi connection, modem, cellular data connection, Bluetooth, or another radio frequency (RF) channel.",
            "sub-techniques": [
                {
                    "id": "T1011.001",
                    "name": "Exfiltration Over Bluetooth",
                    "description": "Adversaries may attempt to exfiltrate data over Bluetooth rather than the command and control channel. If the command and control network is a wired Internet connection, an adversary may opt to exfiltrate data using a Bluetooth communication channel."
                }
            ]
        },
        {
            "id": "T1052",
            "name": "Exfiltration Over Physical Medium",
            "description": "Adversaries may attempt to exfiltrate data via a physical medium, such as a removable drive. In certain circumstances, such as an air-gapped network compromise, exfiltration could occur via a physical medium or device introduced by a user. Such media could be an external hard drive, USB drive, cellular phone, MP3 player, or other removable storage and processing device. The physical medium or device could be used as the final exfiltration point or to hop between otherwise disconnected systems.",
            "sub-techniques": [
                {
                    "id": "T1052.001",
                    "name": "Exfiltration over USB",
                    "description": "Adversaries may attempt to exfiltrate data over a USB connected physical device. In certain circumstances, such as an air-gapped network compromise, exfiltration could occur via a USB device introduced by a user. The USB device could be used as the final exfiltration point or to hop between otherwise disconnected systems."
                }
            ]
        },
        {
            "id": "T1567",
            "name": "Exfiltration Over Web Service",
            "description": "Adversaries may use an existing, legitimate external Web service to exfiltrate data rather than their primary command and control channel. Popular Web services acting as an exfiltration mechanism may give a significant amount of cover due to the likelihood that hosts within a network are already communicating with them prior to compromise. Firewall rules may also already exist to permit traffic to these services.",
            "sub-techniques": [
                {
                    "id": "T1567.001",
                    "name": "Exfiltration to Code Repository",
                    "description": "Adversaries may exfiltrate data to a code repository rather than over their primary command and control channel. Code repositories are often accessible via an API (ex: https://api.github.com). Access to these APIs are often over HTTPS, which gives the adversary an additional level of protection."
                },
                {
                    "id": "T1567.002",
                    "name": "Exfiltration to Cloud Storage",
                    "description": "Adversaries may exfiltrate data to a cloud storage service rather than over their primary command and control channel. Cloud storage services allow for the storage, edit, and retrieval of data from a remote cloud storage server over the Internet."
                },
                {
                    "id": "T1567.003",
                    "name": "Exfiltration to Text Storage Sites",
                    "description": "Adversaries may exfiltrate data to text storage sites instead of their primary command and control channel. Text storage sites, such as pastebin[.]com, are commonly used by developers to share code and other information."
                }
            ]
        },
        {
            "id": "T1029",
            "name": "Scheduled Transfer",
            "description": "Adversaries may schedule data exfiltration to be performed only at certain times of day or at certain intervals. This could be done to blend traffic patterns with normal activity or availability.",
            "sub-techniques": []
        },
        {
            "id": "T1537",
            "name": "Transfer Data to Cloud Account",
            "description": "Adversaries may exfiltrate data by transferring the data, including backups of cloud environments, to another cloud account they control on the same service to avoid typical file transfers/downloads and network-based exfiltration detection.",
            "sub-techniques": []
        }
    ]
}