{
    "id": "TA0001",
    "name": "Initial Access",
    "description": "The adversary is trying to get into your network.",
    "techniques":
    [
        {
            "id": "T1189",
            "name": "Drive-by Compromise",
            "description": "Adversaries may gain access to a system through a user visiting a website over the normal course of browsing. With this technique, the user's web browser is typically targeted for exploitation, but adversaries may also use compromised websites for non-exploitation behavior such as acquiring Application Access Token.",
            "sub-techniques": []
        },
        {
            "id": "T1190",
            "name": "Exploit Public-Facing Application",
            "description": "Adversaries may attempt to exploit a weakness in an Internet-facing host or system to initially access a network. The weakness in the system can be a software bug, a temporary glitch, or a misconfiguration.",
            "sub-techniques": []
        },
        {
            "id": "T1133",
            "name": "External Remote Services",
            "description": "Adversaries may leverage external-facing remote services to initially access and/or persist within a network. Remote services such as VPNs, Citrix, and other access mechanisms allow users to connect to internal enterprise network resources from external locations. There are often remote service gateways that manage connections and credential authentication for these services. Services such as Windows Remote Management and VNC can also be used externally.",
            "sub-techniques": []
        },
        {
            "id": "T1200",
            "name": "Hardware Additions",
            "description": "Adversaries may introduce computer accessories, networking hardware, or other computing devices into a system or network that can be used as a vector to gain access. Rather than just connecting and distributing payloads via removable storage (i.e. Replication Through Removable Media), more robust hardware additions can be used to introduce new functionalities and/or features into a system that can then be abused.",
            "sub-techniques": []
        },
        {
            "id": "T1566",
            "name": "Phishing",
            "description": "Adversaries may send phishing messages to gain access to victim systems. All forms of phishing are electronically delivered social engineering. Phishing can be targeted, known as spearphishing. In spearphishing, a specific individual, company, or industry will be targeted by the adversary. More generally, adversaries can conduct non-targeted phishing, such as in mass malware spam campaigns.",
            "sub-techniques": [
                {
                    "id": "T1566.001",
                    "name": "Spearphishing Attachment",
                    "description": "Adversaries may send spearphishing emails with a malicious attachment in an attempt to gain access to victim systems. Spearphishing attachment is a specific variant of spearphishing. Spearphishing attachment is different from other forms of spearphishing in that it employs the use of malware attached to an email. All forms of spearphishing are electronically delivered social engineering targeted at a specific individual, company, or industry. In this scenario, adversaries attach a file to the spearphishing email and usually rely upon User Execution to gain execution. Spearphishing may also involve social engineering techniques, such as posing as a trusted source."
                },
                {
                    "id": "T1566.002",
                    "name": "Spearphishing Link",
                    "description": "Adversaries may send spearphishing emails with a malicious link in an attempt to gain access to victim systems. Spearphishing with a link is a specific variant of spearphishing. It is different from other forms of spearphishing in that it employs the use of links to download malware contained in email, instead of attaching malicious files to the email itself, to avoid defenses that may inspect email attachments. Spearphishing may also involve social engineering techniques, such as posing as a trusted source."
                },
                {
                    "id": "T1566.003",
                    "name": "Spearphishing via Service",
                    "description": "Adversaries may send spearphishing messages via third-party services in an attempt to gain access to victim systems. Spearphishing via service is a specific variant of spearphishing. It is different from other forms of spearphishing in that it employs the use of third party services rather than directly via enterprise email channels."
                }
            ]
        },
        {
            "id": "T1091",
            "name": "Replication Through Removable Media",
            "description": "Adversaries may move onto systems, possibly those on disconnected or air-gapped networks, by copying malware to removable media and taking advantage of Autorun features when the media is inserted into a system and executes. In the case of Lateral Movement, this may occur through modification of executable files stored on removable media or by copying malware and renaming it to look like a legitimate file to trick users into executing it on a separate system. In the case of Initial Access, this may occur through manual manipulation of the media, modification of systems used to initially format the media, or modification to the media's firmware itself.",
            "sub-techniques": []
        },
        {
            "id": "T1195",
            "name": "Supply Chain Compromise",
            "description": "Adversaries may manipulate products or product delivery mechanisms prior to receipt by a final consumer for the purpose of data or system compromise.",
            "sub-techniques": [
                {
                    "id": "T1195.001",
                    "name": "Compromise Software Dependencies and Development Tools",
                    "description": "Adversaries may manipulate software dependencies and development tools prior to receipt by a final consumer for the purpose of data or system compromise. Applications often depend on external software to function properly. Popular open source projects that are used as dependencies in many applications may be targeted as a means to add malicious code to users of the dependency."
                },
                {
                    "id": "T1195.002",
                    "name": "Compromise Software Supply Chain",
                    "description": "Adversaries may manipulate application software prior to receipt by a final consumer for the purpose of data or system compromise. Supply chain compromise of software can take place in a number of ways, including manipulation of the application source code, manipulation of the update/distribution mechanism for that software, or replacing compiled releases with a modified version."
                },
                {
                    "id": "T1195.003",
                    "name": "Compromise Hardware Supply Chain",
                    "description": "Adversaries may manipulate hardware components in products prior to receipt by a final consumer for the purpose of data or system compromise. By modifying hardware or firmware in the supply chain, adversaries can insert a backdoor into consumer networks that may be difficult to detect and give the adversary a high degree of control over the system. Hardware backdoors may be inserted into various devices, such as servers, workstations, network infrastructure, or peripherals."
                }
            ]
        },
        {
            "id": "T1199",
            "name": "Trusted Relationship",
            "description": "Adversaries may breach or otherwise leverage organizations who have access to intended victims. Access through trusted third party relationship abuses an existing connection that may not be protected or receives less scrutiny than standard mechanisms of gaining access to a network.",
            "sub-techniques": []
        },
        {
            "id": "T1078",
            "name": "Valid Accounts",
            "description": "Adversaries may obtain and abuse credentials of existing accounts as a means of gaining Initial Access, Persistence, Privilege Escalation, or Defense Evasion. Compromised credentials may be used to bypass access controls placed on various resources on systems within the network and may even be used for persistent access to remote systems and externally available services, such as VPNs, Outlook Web Access, network devices, and remote desktop. Compromised credentials may also grant an adversary increased privilege to specific systems or access to restricted areas of the network. Adversaries may choose not to use malware or tools in conjunction with the legitimate access those credentials provide to make it harder to detect their presence.",
            "sub-techniques": [
                {
                    "id": "T1078.001",
                    "name": "Default Accounts",
                    "description": "Adversaries may obtain and abuse credentials of a default account as a means of gaining Initial Access, Persistence, Privilege Escalation, or Defense Evasion. Default accounts are those that are built-into an OS, such as the Guest or Administrator accounts on Windows systems. Default accounts also include default factory/provider set accounts on other types of systems, software, or devices, including the root user account in AWS and the default service account in Kubernetes."
                },
                {
                    "id": "T1078.002",
                    "name": "Domain Accounts",
                    "description": "Adversaries may obtain and abuse credentials of a domain account as a means of gaining Initial Access, Persistence, Privilege Escalation, or Defense Evasion. Domain accounts are those managed by Active Directory Domain Services where access and permissions are configured across systems and services that are part of that domain. Domain accounts can cover users, administrators, and services."
                },
                {
                    "id": "T1078.003",
                    "name": "Local Accounts",
                    "description": "Adversaries may obtain and abuse credentials of a local account as a means of gaining Initial Access, Persistence, Privilege Escalation, or Defense Evasion. Local accounts are those configured by an organization for use by users, remote support, services, or for administration on a single system or service."
                },
                {
                    "id": "T1078.004",
                    "name": "Cloud Accounts",
                    "description": "Adversaries may obtain and abuse credentials of a cloud account as a means of gaining Initial Access, Persistence, Privilege Escalation, or Defense Evasion. Cloud accounts are those created and configured by an organization for use by users, remote support, services, or for administration of resources within a cloud service provider or SaaS application. In some cases, cloud accounts may be federated with traditional identity management systems, such as Windows Active Directory."
                }
            ]
        }
    ]
}