{
    "id": "TA0008",
    "name": "Lateral Movement",
    "description": "The adversary is trying to move through your environment.",
    "techniques":
    [
        {
            "id": "T1210",
            "name": "Exploitation of Remote Services",
            "description": "Adversaries may exploit remote services to gain unauthorized access to internal systems once inside of a network. Exploitation of a software vulnerability occurs when an adversary takes advantage of a programming error in a program, service, or within the operating system software or kernel itself to execute adversary-controlled code. A common goal for post-compromise exploitation of remote services is for lateral movement to enable access to a remote system.",
            "sub-techniques": []
        },
        {
            "id": "T1534",
            "name": "Internal Spearphishing",
            "description": "Adversaries may use internal spearphishing to gain access to additional information or exploit other users within the same organization after they already have access to accounts or systems within the environment. Internal spearphishing is multi-staged campaign where an email account is owned either by controlling the user's device with previously installed malware or by compromising the account credentials of the user. Adversaries attempt to take advantage of a trusted internal account to increase the likelihood of tricking the target into falling for the phish attempt.",
            "sub-techniques": []
        },
        {
            "id": "T1570",
            "name": "Lateral Tool Transfer",
            "description": "Adversaries may transfer tools or other files between systems in a compromised environment. Once brought into the victim environment (i.e. Ingress Tool Transfer) files may then be copied from one system to another to stage adversary tools or other files over the course of an operation. Adversaries may copy files between internal victim systems to support lateral movement using inherent file sharing protocols such as file sharing over SMB/Windows Admin Shares to connected network shares or with authenticated connections via Remote Desktop Protocol.",
            "sub-techniques": []
        },
        {
            "id": "T1563",
            "name": "Remote Service Session Hijacking",
            "description": "Adversaries may take control of preexisting sessions with remote services to move laterally in an environment. Users may use valid credentials to log into a service specifically designed to accept remote connections, such as telnet, SSH, and RDP. When a user logs into a service, a session will be established that will allow them to maintain a continuous interaction with that service.",
            "sub-techniques": [
                {
                    "id": "T1563.001",
                    "name": "SSH Hijacking",
                    "description": "Adversaries may hijack a legitimate user's SSH session to move laterally within an environment. Secure Shell (SSH) is a standard means of remote access on Linux and macOS systems. It allows a user to connect to another system via an encrypted tunnel, commonly authenticating through a password, certificate or the use of an asymmetric encryption key pair."
                },
                {
                    "id": "T1563.002",
                    "name": "RDP Hijacking",
                    "description": "Adversaries may hijack a legitimate user\u2019s remote desktop session to move laterally within an environment. Remote desktop is a common feature in operating systems. It allows a user to log into an interactive session with a system desktop graphical user interface on a remote system. Microsoft refers to its implementation of the Remote Desktop Protocol (RDP) as Remote Desktop Services (RDS)."
                }
            ]
        },
        {
            "id": "T1021",
            "name": "Remote Services",
            "description": "Adversaries may use Valid Accounts to log into a service that accepts remote connections, such as telnet, SSH, and VNC. The adversary may then perform actions as the logged-on user.",
            "sub-techniques": [
                {
                    "id": "T1021.001",
                    "name": "Remote Desktop Protocol",
                    "description": "Adversaries may use Valid Accounts to log into a computer using the Remote Desktop Protocol (RDP). The adversary may then perform actions as the logged-on user."
                },
                {
                    "id": "T1021.002",
                    "name": "SMB/Windows Admin Shares",
                    "description": "Adversaries may use Valid Accounts to interact with a remote network share using Server Message Block (SMB). The adversary may then perform actions as the logged-on user."
                },
                {
                    "id": "T1021.003",
                    "name": "Distributed Component Object Model",
                    "description": "Adversaries may use Valid Accounts to interact with remote machines by taking advantage of Distributed Component Object Model (DCOM). The adversary may then perform actions as the logged-on user."
                },
                {
                    "id": "T1021.004",
                    "name": "SSH",
                    "description": "Adversaries may use Valid Accounts to log into remote machines using Secure Shell (SSH). The adversary may then perform actions as the logged-on user."
                },
                {
                    "id": "T1021.005",
                    "name": "VNC",
                    "description": "Adversaries may use Valid Accounts to remotely control machines using Virtual Network Computing (VNC). VNC is a platform-independent desktop sharing system that uses the RFB (\"remote framebuffer\") protocol to enable users to remotely control another computer\u2019s display by relaying the screen, mouse, and keyboard inputs over the network."
                },
                {
                    "id": "T1021.006",
                    "name": "Windows Remote Management",
                    "description": "Adversaries may use Valid Accounts to interact with remote systems using Windows Remote Management (WinRM). The adversary may then perform actions as the logged-on user."
                },
                {
                    "id": "T1021.007",
                    "name": "Cloud Services",
                    "description": "Adversaries may log into accessible cloud services within a compromised environment using Valid Accounts that are synchronized with or federated to on-premises user identities. The adversary may then perform management actions or access cloud-hosted resources as the logged-on user."
                }
            ]
        },
        {
            "id": "T1091",
            "name": "Replication Through Removable Media",
            "description": "Adversaries may move onto systems, possibly those on disconnected or air-gapped networks, by copying malware to removable media and taking advantage of Autorun features when the media is inserted into a system and executes. In the case of Lateral Movement, this may occur through modification of executable files stored on removable media or by copying malware and renaming it to look like a legitimate file to trick users into executing it on a separate system. In the case of Initial Access, this may occur through manual manipulation of the media, modification of systems used to initially format the media, or modification to the media's firmware itself.",
            "sub-techniques": []
        },
        {
            "id": "T1072",
            "name": "Software Deployment Tools",
            "description": "Adversaries may gain access to and use third-party software suites installed within an enterprise network, such as administration, monitoring, and deployment systems, to move laterally through the network. Third-party applications and software deployment systems may be in use in the network environment for administration purposes (e.g., SCCM, HBSS, Altiris, etc.).",
            "sub-techniques": []
        },
        {
            "id": "T1080",
            "name": "Taint Shared Content",
            "description": "Adversaries may deliver payloads to remote systems by adding content to shared storage locations, such as network drives or internal code repositories. Content stored on network drives or in other shared locations may be tainted by adding malicious programs, scripts, or exploit code to otherwise valid files. Once a user opens the shared tainted content, the malicious portion can be executed to run the adversary's code on a remote system. Adversaries may use tainted shared content to move laterally.",
            "sub-techniques": []
        },
        {
            "id": "T1550",
            "name": "Use Alternate Authentication Material",
            "description": "Adversaries may use alternate authentication material, such as password hashes, Kerberos tickets, and application access tokens, in order to move laterally within an environment and bypass normal system access controls.",
            "sub-techniques": [
                {
                    "id": "T1550.001",
                    "name": "Application Access Token",
                    "description": "Adversaries may use stolen application access tokens to bypass the typical authentication process and access restricted accounts, information, or services on remote systems. These tokens are typically stolen from users or services and used in lieu of login credentials."
                },
                {
                    "id": "T1550.002",
                    "name": "Pass the Hash",
                    "description": "Adversaries may \"pass the hash\" using stolen password hashes to move laterally within an environment, bypassing normal system access controls. Pass the hash (PtH) is a method of authenticating as a user without having access to the user's cleartext password. This method bypasses standard authentication steps that require a cleartext password, moving directly into the portion of the authentication that uses the password hash."
                },
                {
                    "id": "T1550.003",
                    "name": "Pass the Ticket",
                    "description": "Adversaries may \"pass the ticket\" using stolen Kerberos tickets to move laterally within an environment, bypassing normal system access controls. Pass the ticket (PtT) is a method of authenticating to a system using Kerberos tickets without having access to an account's password. Kerberos authentication can be used as the first step to lateral movement to a remote system."
                },
                {
                    "id": "T1550.004",
                    "name": "Web Session Cookie",
                    "description": "Adversaries can use stolen session cookies to authenticate to web applications and services. This technique bypasses some multi-factor authentication protocols since the session is already authenticated."
                }
            ]
        }
    ]
}