{
    "id": "TA0034",
    "name": "Impact",
    "description": "The adversary is trying to manipulate, interrupt, or destroy your devices and data.",
    "techniques":
    [
        {
            "id": "T1640",
            "name": "Account Access Removal",
            "description": "Adversaries may interrupt availability of system and network resources by inhibiting access to accounts utilized by legitimate users. Accounts may be deleted, locked, or manipulated (ex: credentials changed) to remove access to accounts.",
            "sub-techniques": []
        },
        {
            "id": "T1616",
            "name": "Call Control",
            "description": "Adversaries may make, forward, or block phone calls without user authorization. This could be used for adversary goals such as audio surveillance, blocking or forwarding calls from the device owner, or C2 communication.",
            "sub-techniques": []
        },
        {
            "id": "T1471",
            "name": "Data Encrypted for Impact",
            "description": "An adversary may encrypt files stored on a mobile device to prevent the user from accessing them. This may be done in order to extract monetary compensation from a victim in exchange for decryption or a decryption key (ransomware) or to render data permanently inaccessible in cases where the key is not saved or transmitted.",
            "sub-techniques": []
        },
        {
            "id": "T1641",
            "name": "Data Manipulation",
            "description": "Adversaries may insert, delete, or alter data in order to manipulate external outcomes or hide activity. By manipulating data, adversaries may attempt to affect a business process, organizational understanding, or decision making.",
            "sub-techniques": [
                {
                    "id": "T1641.001",
                    "name": "Transmitted Data Manipulation",
                    "description": "Adversaries may alter data en route to storage or other systems in order to manipulate external outcomes or hide activity. By manipulating transmitted data, adversaries may attempt to affect a business process, organizational understanding, or decision making."
                }
            ]
        },
        {
            "id": "T1642",
            "name": "Endpoint Denial of Service",
            "description": "Adversaries may perform Endpoint Denial of Service (DoS) attacks to degrade or block the availability of services to users.",
            "sub-techniques": []
        },
        {
            "id": "T1643",
            "name": "Generate Traffic from Victim",
            "description": "Adversaries may generate outbound traffic from devices. This is typically performed to manipulate external outcomes, such as to achieve carrier billing fraud or to manipulate app store rankings or ratings. Outbound traffic is typically generated as SMS messages or general web traffic, but may take other forms as well.",
            "sub-techniques": []
        },
        {
            "id": "T1516",
            "name": "Input Injection",
            "description": "A malicious application can inject input to the user interface to mimic user interaction through the abuse of Android's accessibility APIs.",
            "sub-techniques": []
        },
        {
            "id": "T1464",
            "name": "Network Denial of Service",
            "description": "Adversaries may perform Network Denial of Service (DoS) attacks to degrade or block the availability of targeted resources to users. Network DoS can be performed by exhausting the network bandwidth that services rely on, or by jamming the signal going to or coming from devices.",
            "sub-techniques": []
        },
        {
            "id": "T1582",
            "name": "SMS Control",
            "description": "Adversaries may delete, alter, or send SMS messages without user authorization. This could be used to hide C2 SMS messages, spread malware, or various external effects.",
            "sub-techniques": []
        }
    ]
}