{
    "id": "TA0028",
    "name": "Persistence",
    "description": "The adversary is trying to maintain their foothold.",
    "techniques":
    [
        {
            "id": "T1398",
            "name": "Boot or Logon Initialization Scripts",
            "description": "Adversaries may use scripts automatically executed at boot or logon initialization to establish persistence. Initialization scripts are part of the underlying operating system and are not accessible to the user unless the device has been rooted or jailbroken.",
            "sub-techniques": []
        },
        {
            "id": "T1577",
            "name": "Compromise Application Executable",
            "description": "Adversaries may modify applications installed on a device to establish persistent access to a victim. These malicious modifications can be used to make legitimate applications carry out adversary tasks when these applications are in use.",
            "sub-techniques": []
        },
        {
            "id": "T1645",
            "name": "Compromise Client Software Binary",
            "description": "Adversaries may modify system software binaries to establish persistent access to devices. System software binaries are used by the underlying operating system and users over adb or terminal emulators.",
            "sub-techniques": []
        },
        {
            "id": "T1624",
            "name": "Event Triggered Execution",
            "description": "Adversaries may establish persistence using system mechanisms that trigger execution based on specific events. Mobile operating systems have means to subscribe to events such as receiving an SMS message, device boot completion, or other device activities.",
            "sub-techniques": [
                {
                    "id": "T1624.001",
                    "name": "Broadcast Receivers",
                    "description": "Adversaries may establish persistence using system mechanisms that trigger execution based on specific events. Mobile operating systems have means to subscribe to events such as receiving an SMS message, device boot completion, or other device activities."
                }
            ]
        },
        {
            "id": "T1541",
            "name": "Foreground Persistence",
            "description": "Adversaries may abuse Android's startForeground() API method to maintain continuous sensor access. Beginning in Android 9, idle applications running in the background no longer have access to device sensors, such as the camera, microphone, and gyroscope. Applications can retain sensor access by running in the foreground, using Android\u2019s startForeground() API method. This informs the system that the user is actively interacting with the application, and it should not be killed. The only requirement to start a foreground service is showing a persistent notification to the user.",
            "sub-techniques": []
        },
        {
            "id": "T1625",
            "name": "Hijack Execution Flow",
            "description": "Adversaries may execute their own malicious payloads by hijacking the way operating systems run applications. Hijacking execution flow can be for the purposes of persistence since this hijacked execution may reoccur over time.",
            "sub-techniques": [
                {
                    "id": "T1625.001",
                    "name": "System Runtime API Hijacking",
                    "description": "Adversaries may execute their own malicious payloads by hijacking the way an operating system run applications. Hijacking execution flow can be for the purposes of persistence since this hijacked execution may reoccur at later points in time."
                }
            ]
        },
        {
            "id": "T1603",
            "name": "Scheduled Task/Job",
            "description": "Adversaries may abuse task scheduling functionality to facilitate initial or recurring execution of malicious code. On Android and iOS, APIs and libraries exist to facilitate scheduling tasks to execute at a specified date, time, or interval.",
            "sub-techniques": []
        }
    ]
}