{
    "id": "TA0100",
    "name": "Collection",
    "description": "The adversary is trying to gather data of interest and domain knowledge on your ICS environment to inform their goal.",
    "techniques":
    [
        {
            "id": "T0830",
            "name": "Adversary-in-the-Middle",
            "description": "Adversaries with privileged network access may seek to modify network traffic in real time using adversary-in-the-middle (AiTM) attacks. This type of attack allows the adversary to intercept traffic to and/or from a particular device on the network. If a AiTM attack is established, then the adversary has the ability to block, log, modify, or inject traffic into the communication stream. There are several ways to accomplish this attack, but some of the most-common are Address Resolution Protocol (ARP) poisoning and the use of a proxy.",
            "sub-techniques": []
        },
        {
            "id": "T0802",
            "name": "Automated Collection",
            "description": "Adversaries may automate collection of industrial environment information using tools or scripts. This automated collection may leverage native control protocols and tools available in the control systems environment. For example, the OPC protocol may be used to enumerate and gather information. Access to a system or interface with these native protocols may allow collection and enumeration of other attached, communicating servers and devices.",
            "sub-techniques": []
        },
        {
            "id": "T0811",
            "name": "Data from Information Repositories",
            "description": "Adversaries may target and collect data from information repositories. This can include sensitive data such as specifications, schematics, or diagrams of control system layouts, devices, and processes. Examples of information repositories include reference databases in the process environment, as well as databases in the corporate network that might contain information about the ICS.",
            "sub-techniques": []
        },
        {
            "id": "T0893",
            "name": "Data from Local System",
            "description": "Adversaries may target and collect data from local system sources, such as file systems, configuration files, or local databases. This can include sensitive data such as specifications, schematics, or diagrams of control system layouts, devices, and processes.",
            "sub-techniques": []
        },
        {
            "id": "T0868",
            "name": "Detect Operating Mode",
            "description": "Adversaries may gather information about a PLCs or controllers current operating mode. Operating modes dictate what change or maintenance functions can be manipulated and are often controlled by a key switch on the PLC (e.g., run, prog [program], and remote). Knowledge of these states may be valuable to an adversary to determine if they are able to reprogram the PLC. Operating modes and the mechanisms by which they are selected often vary by vendor and product line. Some commonly implemented operating modes are described below:",
            "sub-techniques": []
        },
        {
            "id": "T0877",
            "name": "I/O Image",
            "description": "Adversaries may seek to capture process values related to the inputs and outputs of a PLC. During the scan cycle, a PLC reads the status of all inputs and stores them in an image table. The image table is the PLCs internal storage location where values of inputs/outputs for one scan are stored while it executes the user program. After the PLC has solved the entire logic program, it updates the output image table. The contents of this output image table are written to the corresponding output points in I/O Modules.",
            "sub-techniques": []
        },
        {
            "id": "T0801",
            "name": "Monitor Process State",
            "description": "Adversaries may gather information about the physical process state. This information may be used to gain more information about the process itself or used as a trigger for malicious actions. The sources of process state information may vary such as, OPC tags, historian data, specific PLC block information, or network traffic.",
            "sub-techniques": []
        },
        {
            "id": "T0861",
            "name": "Point & Tag Identification",
            "description": "Adversaries may collect point and tag values to gain a more comprehensive understanding of the process environment. Points may be values such as inputs, memory locations, outputs or other process specific variables. Tags are the identifiers given to points for operator convenience.",
            "sub-techniques": []
        },
        {
            "id": "T0845",
            "name": "Program Upload",
            "description": "Adversaries may attempt to upload a program from a PLC to gather information about an industrial process. Uploading a program may allow them to acquire and study the underlying logic. Methods of program upload include vendor software, which enables the user to upload and read a program running on a PLC. This software can be used to upload the target program to a workstation, jump box, or an interfacing device.",
            "sub-techniques": []
        },
        {
            "id": "T0852",
            "name": "Screen Capture",
            "description": "Adversaries may attempt to perform screen capture of devices in the control system environment. Screenshots may be taken of workstations, HMIs, or other devices that display environment-relevant process, device, reporting, alarm, or related data. These device displays may reveal information regarding the ICS process, layout, control, and related schematics. In particular, an HMI can provide a lot of important industrial process information. Analysis of screen captures may provide the adversary with an understanding of intended operations and interactions between critical devices.",
            "sub-techniques": []
        },
        {
            "id": "T0887",
            "name": "Wireless Sniffing",
            "description": "Adversaries may seek to capture radio frequency (RF) communication used for remote control and reporting in distributed environments. RF communication frequencies vary between 3 kHz to 300 GHz, although are commonly between 300 MHz to 6 GHz. The wavelength and frequency of the signal affect how the signal propagates through open air, obstacles (e.g. walls and trees) and the type of radio required to capture them. These characteristics are often standardized in the protocol and hardware and may have an effect on how the signal is captured. Some examples of wireless protocols that may be found in cyber-physical environments are: WirelessHART, Zigbee, WIA-FA, and 700 MHz Public Safety Spectrum.",
            "sub-techniques": []
        }
    ]
}