{
    "id": "TA0101",
    "name": "Command and Control",
    "description": "The adversary is trying to communicate with and control compromised systems, controllers, and platforms with access to your ICS environment.",
    "techniques":
    [
        {
            "id": "T0885",
            "name": "Commonly Used Port",
            "description": "Adversaries may communicate over a commonly used port to bypass firewalls or network detection systems and to blend in with normal network activity, to avoid more detailed inspection. They may use the protocol associated with the port, or a completely different protocol. They may use commonly open ports, such as the examples provided below.",
            "sub-techniques": []
        },
        {
            "id": "T0884",
            "name": "Connection Proxy",
            "description": "Adversaries may use a connection proxy to direct network traffic between systems or act as an intermediary for network communications.",
            "sub-techniques": []
        },
        {
            "id": "T0869",
            "name": "Standard Application Layer Protocol",
            "description": "Adversaries may establish command and control capabilities over commonly used application layer protocols such as HTTP(S), OPC, RDP, telnet, DNP3, and modbus. These protocols may be used to disguise adversary actions as benign network traffic. Standard protocols may be seen on their associated port or in some cases over a non-standard port. Adversaries may use these protocols to reach out of the network for command and control, or in some cases to other infected devices within the network.",
            "sub-techniques": []
        }
    ]
}