{
    "id": "TA0102",
    "name": "Discovery",
    "description": "The adversary is locating information to assess and identify their targets in your environment.",
    "techniques":
    [
        {
            "id": "T0840",
            "name": "Network Connection Enumeration",
            "description": "Adversaries may perform network connection enumeration to discover information about device communication patterns. If an adversary can inspect the state of a network connection with tools, such as Netstat, in conjunction with System Firmware, then they can determine the role of certain devices on the network . The adversary can also use Network Sniffing to watch network traffic for details about the source, destination, protocol, and content.",
            "sub-techniques": []
        },
        {
            "id": "T0842",
            "name": "Network Sniffing",
            "description": "Network sniffing is the practice of using a network interface on a computer system to monitor or capture information regardless of whether it is the specified destination for the information.",
            "sub-techniques": []
        },
        {
            "id": "T0846",
            "name": "Remote System Discovery",
            "description": "Adversaries may attempt to get a listing of other systems by IP address, hostname, or other logical identifier on a network that may be used for subsequent Lateral Movement or Discovery techniques. Functionality could exist within adversary tools to enable this, but utilities available on the operating system or vendor software could also be used.",
            "sub-techniques": []
        },
        {
            "id": "T0888",
            "name": "Remote System Information Discovery",
            "description": "An adversary may attempt to get detailed information about remote systems and their peripherals, such as make/model, role, and configuration. Adversaries may use information from Remote System Information Discovery to aid in targeting and shaping follow-on behaviors. For example, the system's operational role and model information can dictate whether it is a relevant target for the adversary's operational objectives. In addition, the system's configuration may be used to scope subsequent technique usage.",
            "sub-techniques": []
        },
        {
            "id": "T0887",
            "name": "Wireless Sniffing",
            "description": "Adversaries may seek to capture radio frequency (RF) communication used for remote control and reporting in distributed environments. RF communication frequencies vary between 3 kHz to 300 GHz, although are commonly between 300 MHz to 6 GHz. The wavelength and frequency of the signal affect how the signal propagates through open air, obstacles (e.g. walls and trees) and the type of radio required to capture them. These characteristics are often standardized in the protocol and hardware and may have an effect on how the signal is captured. Some examples of wireless protocols that may be found in cyber-physical environments are: WirelessHART, Zigbee, WIA-FA, and 700 MHz Public Safety Spectrum.",
            "sub-techniques": []
        }
    ]
}