{
    "id": "TA0107",
    "name": "Inhibit Response Function",
    "description": "The adversary is trying to prevent your safety, protection, quality assurance, and operator intervention functions from responding to a failure, hazard, or unsafe state.",
    "techniques":
    [
        {
            "id": "T0806",
            "name": "Brute Force I/O",
            "description": "Adversaries may repetitively or successively change I/O point values to perform an action. Brute Force I/O may be achieved by changing either a range of I/O point values or a single point value repeatedly to manipulate a process function. The adversary's goal and the information they have about the target environment will influence which of the options they choose. In the case of brute forcing a range of point values, the adversary may be able to achieve an impact without targeting a specific point. In the case where a single point is targeted, the adversary may be able to generate instability on the process function associated with that particular point.",
            "sub-techniques": []
        },
        {
            "id": "T0836",
            "name": "Modify Parameter",
            "description": "Adversaries may modify parameters used to instruct industrial control system devices. These devices operate via programs that dictate how and when to perform actions based on such parameters. Such parameters can determine the extent to which an action is performed and may specify additional options. For example, a program on a control system device dictating motor processes may take a parameter defining the total number of seconds to run that motor.",
            "sub-techniques": []
        },
        {
            "id": "T0839",
            "name": "Module Firmware",
            "description": "Adversaries may install malicious or vulnerable firmware onto modular hardware devices. Control system devices often contain modular hardware devices. These devices may have their own set of firmware that is separate from the firmware of the main control system equipment.",
            "sub-techniques": []
        },
        {
            "id": "T0856",
            "name": "Spoof Reporting Message",
            "description": "Adversaries may spoof reporting messages in control system environments for evasion and to impair process control. In control systems, reporting messages contain telemetry data (e.g., I/O values) pertaining to the current state of equipment and the industrial process. Reporting messages are important for monitoring the normal operation of a system or identifying important events such as deviations from expected values.",
            "sub-techniques": []
        },
        {
            "id": "T0855",
            "name": "Unauthorized Command Message",
            "description": "Adversaries may send unauthorized command messages to instruct control system assets to perform actions outside of their intended functionality, or without the logical preconditions to trigger their expected function. Command messages are used in ICS networks to give direct instructions to control systems devices. If an adversary can send an unauthorized command message to a control system, then it can instruct the control systems device to perform an action outside the normal bounds of the device's actions. An adversary could potentially instruct a control systems device to perform an action that will cause an Impact.",
            "sub-techniques": []
        }
    ]
}