{
    "id": "TA0105",
    "name": "Impact",
    "description": "The adversary is trying to manipulate, interrupt, or destroy your ICS systems, data, and their surrounding environment.",
    "techniques":
    [
        {
            "id": "T0879",
            "name": "Damage to Property",
            "description": "Adversaries may cause damage and destruction of property to infrastructure, equipment, and the surrounding environment when attacking control systems. This technique may result in device and operational equipment breakdown, or represent tangential damage from other techniques used in an attack. Depending on the severity of physical damage and disruption caused to control processes and systems, this technique may result in Loss of Safety. Operations that result in Loss of Control may also cause damage to property, which may be directly or indirectly motivated by an adversary seeking to cause impact in the form of Loss of Productivity and Revenue.",
            "sub-techniques": []
        },
        {
            "id": "T0813",
            "name": "Denial of Control",
            "description": "Adversaries may cause a denial of control to temporarily prevent operators and engineers from interacting with process controls. An adversary may attempt to deny process control access to cause a temporary loss of communication with the control device or to prevent operator adjustment of process controls. An affected process may still be operating during the period of control loss, but not necessarily in a desired state.",
            "sub-techniques": []
        },
        {
            "id": "T0815",
            "name": "Denial of View",
            "description": "Adversaries may cause a denial of view in attempt to disrupt and prevent operator oversight on the status of an ICS environment. This may manifest itself as a temporary communication failure between a device and its control source, where the interface recovers and becomes available once the interference ceases.",
            "sub-techniques": []
        },
        {
            "id": "T0826",
            "name": "Loss of Availability",
            "description": "Adversaries may attempt to disrupt essential components or systems to prevent owner and operator from delivering products or services.",
            "sub-techniques": []
        },
        {
            "id": "T0827",
            "name": "Loss of Control",
            "description": "Adversaries may seek to achieve a sustained loss of control or a runaway condition in which operators cannot issue any commands even if the malicious interference has subsided.",
            "sub-techniques": []
        },
        {
            "id": "T0828",
            "name": "Loss of Productivity and Revenue",
            "description": "Adversaries may cause loss of productivity and revenue through disruption and even damage to the availability and integrity of control system operations, devices, and related processes. This technique may manifest as a direct effect of an ICS-targeting attack or tangentially, due to an IT-targeting attack against non-segregated environments.",
            "sub-techniques": []
        },
        {
            "id": "T0837",
            "name": "Loss of Protection",
            "description": "Adversaries may compromise protective system functions designed to prevent the effects of faults and abnormal conditions. This can result in equipment damage, prolonged process disruptions and hazards to personnel.",
            "sub-techniques": []
        },
        {
            "id": "T0880",
            "name": "Loss of Safety",
            "description": "Adversaries may compromise safety system functions designed to maintain safe operation of a process when unacceptable or dangerous conditions occur. Safety systems are often composed of the same elements as control systems but have the sole purpose of ensuring the process fails in a predetermined safe manner.",
            "sub-techniques": []
        },
        {
            "id": "T0829",
            "name": "Loss of View",
            "description": "Adversaries may cause a sustained or permanent loss of view where the ICS equipment will require local, hands-on operator intervention; for instance, a restart or manual operation. By causing a sustained reporting or visibility loss, the adversary can effectively hide the present state of operations. This loss of view can occur without affecting the physical processes themselves.",
            "sub-techniques": []
        },
        {
            "id": "T0831",
            "name": "Manipulation of Control",
            "description": "Adversaries may manipulate physical process control within the industrial environment. Methods of manipulating control can include changes to set point values, tags, or other parameters. Adversaries may manipulate control systems devices or possibly leverage their own, to communicate with and command physical control processes. The duration of manipulation may be temporary or longer sustained, depending on operator detection.",
            "sub-techniques": []
        },
        {
            "id": "T0832",
            "name": "Manipulation of View",
            "description": "Adversaries may attempt to manipulate the information reported back to operators or controllers. This manipulation may be short term or sustained. During this time the process itself could be in a much different state than what is reported.",
            "sub-techniques": []
        },
        {
            "id": "T0882",
            "name": "Theft of Operational Information",
            "description": "Adversaries may steal operational information on a production environment as a direct mission outcome for personal gain or to inform future operations. This information may include design documents, schedules, rotational data, or similar artifacts that provide insight on operations. In the Bowman Dam incident, adversaries probed systems for operational data.",
            "sub-techniques": []
        }
    ]
}