{
    "id": "TA0109",
    "name": "LateralMovement",
    "description": "The adversary is trying to move through your ICS environment.",
    "techniques":
    [
        {
            "id": "T0812",
            "name": "Default Credentials",
            "description": "Adversaries may leverage manufacturer or supplier set default credentials on control system devices. These default credentials may have administrative permissions and may be necessary for initial configuration of the device. It is general best practice to change the passwords for these accounts as soon as possible, but some manufacturers may have devices that have passwords or usernames that cannot be changed.",
            "sub-techniques": []
        },
        {
            "id": "T0866",
            "name": "Exploitation of Remote Services",
            "description": "Adversaries may exploit a software vulnerability to take advantage of a programming error in a program, service, or within the operating system software or kernel itself to enable remote service abuse. A common goal for post-compromise exploitation of remote services is for initial access into and lateral movement throughout the ICS environment to enable access to targeted systems.",
            "sub-techniques": []
        },
        {
            "id": "T0891",
            "name": "Hardcoded Credentials",
            "description": "Adversaries may leverage credentials that are hardcoded in software or firmware to gain an unauthorized interactive user session to an asset. Examples credentials that may be hardcoded in an asset include:",
            "sub-techniques": []
        },
        {
            "id": "T0867",
            "name": "Lateral Tool Transfer",
            "description": "Adversaries may transfer tools or other files from one system to another to stage adversary tools or other files over the course of an operation. Copying of files may also be performed laterally between internal victim systems to support Lateral Movement with remote Execution using inherent file sharing protocols such as file sharing over SMB to connected network shares.",
            "sub-techniques": []
        },
        {
            "id": "T0843",
            "name": "Program Download",
            "description": "Adversaries may perform a program download to transfer a user program to a controller.",
            "sub-techniques": []
        },
        {
            "id": "T0886",
            "name": "Remote Services",
            "description": "Adversaries may leverage remote services to move between assets and network segments. These services are often used to allow operators to interact with systems remotely within the network, some examples are RDP, SMB, SSH, and other similar mechanisms.",
            "sub-techniques": []
        },
        {
            "id": "T0859",
            "name": "Valid Accounts",
            "description": "Adversaries may steal the credentials of a specific user or service account using credential access techniques. In some cases, default credentials for control system devices may be publicly available. Compromised credentials may be used to bypass access controls placed on various resources on hosts and within the network, and may even be used for persistent access to remote systems. Compromised and default credentials may also grant an adversary increased privilege to specific systems and devices or access to restricted areas of the network. Adversaries may choose not to use malware or tools, in conjunction with the legitimate access those credentials provide, to make it harder to detect their presence or to control devices and send legitimate commands in an unintended way.",
            "sub-techniques": []
        }
    ]
}