{
    "id": "TA0111",
    "name": "PrivilegeEscalation",
    "description": "The adversary is trying to gain higher-level permissions.",
    "techniques":
    [
        {
            "id": "T0890",
            "name": "Exploitation for Privilege Escalation",
            "description": "Adversaries may exploit software vulnerabilities in an attempt to elevate privileges. Exploitation of a software vulnerability occurs when an adversary takes advantage of a programming error in a program, service, or within the operating system software or kernel itself to execute adversary-controlled code. Security constructs such as permission levels will often hinder access to information and use of certain techniques, so adversaries will likely need to perform privilege escalation to include use of software exploitation to circumvent those restrictions.",
            "sub-techniques": []
        },
        {
            "id": "T0874",
            "name": "Hooking",
            "description": "Adversaries may hook into application programming interface (API) functions used by processes to redirect calls for execution and privilege escalation means. Windows processes often leverage these API functions to perform tasks that require reusable system resources. Windows API functions are typically stored in dynamic-link libraries (DLLs) as exported functions.",
            "sub-techniques": []
        }
    ]
}